{"cameraMode":{"drawMode":0,"name":"Shaded","section":"Shading Mode"},"sceneLighting":false,"audioPlay":false,"sceneViewState":{"showFog":true,"showMaterialUpdate":false,"showSkybox":true,"showFlares":true,"showImageEffects":true,"showParticleSystems":true},"in2DMode":false,"pivot":{"x":199.0848388671875,"y":35.66442108154297,"z":40.8370361328125},"rotation":{"x":-0.1977594643831253,"y":-0.6858940720558167,"z":0.20230548083782197,"w":-0.6704573631286621},"size":73.36958312988281,"orthographic":false}