{"cameraMode":{"drawMode":0,"name":"Shaded","section":"Shading Mode"},"sceneLighting":false,"audioPlay":false,"sceneViewState":{"showFog":true,"showMaterialUpdate":false,"showSkybox":true,"showFlares":true,"showImageEffects":true,"showParticleSystems":true},"in2DMode":false,"pivot":{"x":217.0208282470703,"y":4.2653326988220219,"z":36.306236267089847},"rotation":{"x":-0.14085116982460023,"y":-0.695509672164917,"z":0.1419415920972824,"w":-0.6901302933692932},"size":82.8570785522461,"orthographic":false}