{"cameraMode":{"drawMode":0,"name":"Shaded","section":"Shading Mode"},"sceneLighting":false,"audioPlay":false,"sceneViewState":{"showFog":true,"showMaterialUpdate":false,"showSkybox":true,"showFlares":true,"showImageEffects":true,"showParticleSystems":true},"in2DMode":false,"pivot":{"x":184.81719970703126,"y":10.037910461425782,"z":38.527809143066409},"rotation":{"x":-0.0961131751537323,"y":-0.641285240650177,"z":0.08143556118011475,"w":-0.7568909525871277},"size":23.10089683532715,"orthographic":false}