{"cameraMode":{"drawMode":0,"name":"Shaded","section":"Shading Mode"},"sceneLighting":false,"audioPlay":false,"sceneViewState":{"showFog":true,"showMaterialUpdate":false,"showSkybox":true,"showFlares":true,"showImageEffects":true,"showParticleSystems":true},"in2DMode":false,"pivot":{"x":287.5002746582031,"y":7.2499237060546879,"z":120.09098052978516},"rotation":{"x":0.025096027180552484,"y":-0.9707477688789368,"z":0.11705181747674942,"w":0.20812954008579255},"size":5.940952301025391,"orthographic":false}