{"cameraMode":{"drawMode":0,"name":"Shaded","section":"Shading Mode"},"sceneLighting":false,"audioPlay":false,"sceneViewState":{"showFog":true,"showMaterialUpdate":false,"showSkybox":true,"showFlares":true,"showImageEffects":true,"showParticleSystems":true},"in2DMode":false,"pivot":{"x":203.1199951171875,"y":3.299999952316284,"z":36.93000030517578},"rotation":{"x":-0.15427610278129579,"y":-0.6534059047698975,"z":0.13845714926719666,"w":-0.7280722856521606},"size":11.348185539245606,"orthographic":false}