{"cameraMode":{"drawMode":0,"name":"Shaded","section":"Shading Mode"},"sceneLighting":false,"audioPlay":false,"sceneViewState":{"showFog":true,"showMaterialUpdate":false,"showSkybox":true,"showFlares":true,"showImageEffects":true,"showParticleSystems":true},"in2DMode":false,"pivot":{"x":140.56024169921876,"y":-18.83765411376953,"z":145.42831420898438},"rotation":{"x":0.08308540284633637,"y":-0.5231583714485169,"z":0.0513460747897625,"w":0.8466202020645142},"size":146.3160400390625,"orthographic":false}