{"cameraMode":{"drawMode":0,"name":"Shaded","section":"Shading Mode"},"sceneLighting":false,"audioPlay":false,"sceneViewState":{"showFog":true,"showMaterialUpdate":false,"showSkybox":true,"showFlares":true,"showImageEffects":true,"showParticleSystems":true},"in2DMode":false,"pivot":{"x":269.9112548828125,"y":6.715698719024658,"z":83.12250518798828},"rotation":{"x":0.2625929117202759,"y":-0.02809981070458889,"z":0.0076491800136864189,"w":0.9644671678543091},"size":39.8873176574707,"orthographic":false}