{"cameraMode":{"drawMode":0,"name":"Shaded","section":"Shading Mode"},"sceneLighting":false,"audioPlay":false,"sceneViewState":{"showFog":true,"showMaterialUpdate":false,"showSkybox":true,"showFlares":true,"showImageEffects":true,"showParticleSystems":true},"in2DMode":false,"pivot":{"x":180.40667724609376,"y":-29.747974395751954,"z":-71.79281616210938},"rotation":{"x":-0.002109348075464368,"y":0.988624632358551,"z":-0.14974373579025269,"w":-0.013917669653892517},"size":141.23980712890626,"orthographic":false}