{"cameraMode":{"drawMode":0,"name":"Shaded","section":"Shading Mode"},"sceneLighting":false,"audioPlay":false,"sceneViewState":{"showFog":true,"showMaterialUpdate":false,"showSkybox":true,"showFlares":true,"showImageEffects":true,"showParticleSystems":true},"in2DMode":false,"pivot":{"x":235.25628662109376,"y":-14.746193885803223,"z":43.580387115478519},"rotation":{"x":-0.13989369571208955,"y":-0.7000664472579956,"z":0.14286674559116364,"w":-0.6855114102363586},"size":45.368587493896487,"orthographic":false}