{"cameraMode":{"drawMode":0,"name":"Shaded","section":"Shading Mode"},"sceneLighting":false,"audioPlay":false,"sceneViewState":{"showFog":true,"showMaterialUpdate":false,"showSkybox":true,"showFlares":true,"showImageEffects":true,"showParticleSystems":true},"in2DMode":false,"pivot":{"x":288.4336853027344,"y":6.240808010101318,"z":123.46541595458985},"rotation":{"x":0.10843604058027268,"y":0.6585918664932251,"z":-0.09672620892524719,"w":0.7383376955986023},"size":11.954041481018067,"orthographic":false}