{"cameraMode":{"drawMode":0,"name":"Shaded","section":"Shading Mode"},"sceneLighting":false,"audioPlay":false,"sceneViewState":{"showFog":true,"showMaterialUpdate":false,"showSkybox":true,"showFlares":true,"showImageEffects":true,"showParticleSystems":true},"in2DMode":false,"pivot":{"x":272.5377502441406,"y":26.620834350585939,"z":54.474449157714847},"rotation":{"x":0.4047970175743103,"y":0.5613366961479187,"z":-0.36481747031211855,"w":0.6228553652763367},"size":78.230712890625,"orthographic":false}