{"cameraMode":{"drawMode":0,"name":"Shaded","section":"Shading Mode"},"sceneLighting":false,"audioPlay":false,"sceneViewState":{"showFog":true,"showMaterialUpdate":false,"showSkybox":false,"showFlares":true,"showImageEffects":true,"showParticleSystems":true},"in2DMode":false,"pivot":{"x":-0.8571867942810059,"y":0.9477345943450928,"z":1.8708306550979615},"rotation":{"x":-0.05064075440168381,"y":-0.8845186829566956,"z":0.09886489808559418,"w":-0.4530872404575348},"size":2.988276958465576,"orthographic":false}