{"cameraMode":{"drawMode":0,"name":"Shaded","section":"Shading Mode"},"sceneLighting":false,"audioPlay":false,"sceneViewState":{"showFog":true,"showMaterialUpdate":false,"showSkybox":true,"showFlares":true,"showImageEffects":true,"showParticleSystems":true},"in2DMode":false,"pivot":{"x":201.27711486816407,"y":0.6177124977111816,"z":37.08238220214844},"rotation":{"x":-0.10777124017477036,"y":-0.7676032185554504,"z":0.13398700952529908,"w":-0.617428719997406},"size":19.146888732910158,"orthographic":false}