{"cameraMode":{"drawMode":0,"name":"Shaded","section":"Shading Mode"},"sceneLighting":false,"audioPlay":false,"sceneViewState":{"showFog":true,"showMaterialUpdate":false,"showSkybox":true,"showFlares":true,"showImageEffects":true,"showParticleSystems":true},"in2DMode":false,"pivot":{"x":217.0208282470703,"y":4.2653326988220219,"z":36.306236267089847},"rotation":{"x":-0.10280274599790573,"y":-0.5987740755081177,"z":0.07786582410335541,"w":-0.7904670834541321},"size":40.82914352416992,"orthographic":false}