{"cameraMode":{"drawMode":0,"name":"Shaded","section":"Shading Mode"},"sceneLighting":true,"audioPlay":false,"sceneViewState":{"showFog":true,"showMaterialUpdate":false,"showSkybox":true,"showFlares":true,"showImageEffects":true,"showParticleSystems":true},"in2DMode":false,"pivot":{"x":0.29471492767333987,"y":0.21907520294189454,"z":-0.3812570571899414},"rotation":{"x":-0.07021769881248474,"y":0.9129222631454468,"z":-0.17776083946228028,"w":-0.3606155216693878},"size":14.020645141601563,"orthographic":false}