{"cameraMode":{"drawMode":0,"name":"Shaded","section":"Shading Mode"},"sceneLighting":true,"audioPlay":false,"sceneViewState":{"showFog":true,"showMaterialUpdate":false,"showSkybox":true,"showFlares":true,"showImageEffects":true,"showParticleSystems":true},"in2DMode":false,"pivot":{"x":0.2738184928894043,"y":0.4911940097808838,"z":0.2737097442150116},"rotation":{"x":-0.07731084525585175,"y":0.8745979070663452,"z":-0.14860953390598298,"w":-0.45499101281166079},"size":18.20746612548828,"orthographic":false}