{"cameraMode":{"drawMode":0,"name":"Shaded","section":"Shading Mode"},"sceneLighting":true,"audioPlay":false,"sceneViewState":{"showFog":true,"showMaterialUpdate":false,"showSkybox":true,"showFlares":true,"showImageEffects":true,"showParticleSystems":true},"in2DMode":false,"pivot":{"x":467.3812561035156,"y":-5.943381309509277,"z":256.44989013671877},"rotation":{"x":0.4600878655910492,"y":0.5374100208282471,"z":-0.4631492793560028,"w":0.533856213092804},"size":2134.532470703125,"orthographic":false}