{"cameraMode":{"drawMode":0,"name":"Shaded","section":"Shading Mode"},"sceneLighting":true,"audioPlay":false,"sceneViewState":{"showFog":true,"showMaterialUpdate":false,"showSkybox":true,"showFlares":true,"showImageEffects":true,"showParticleSystems":true},"in2DMode":false,"pivot":{"x":189.9189910888672,"y":15.990520477294922,"z":36.37208938598633},"rotation":{"x":0.07052530348300934,"y":0.7833223938941956,"z":-0.09039077907800675,"w":0.6109514832496643},"size":15.699474334716797,"orthographic":false}