{"cameraMode":{"drawMode":0,"name":"Shaded","section":"Shading Mode"},"sceneLighting":true,"audioPlay":false,"sceneViewState":{"showFog":true,"showMaterialUpdate":false,"showSkybox":true,"showFlares":true,"showImageEffects":true,"showParticleSystems":true},"in2DMode":false,"pivot":{"x":263.1808166503906,"y":322.05352783203127,"z":-22.29693603515625},"rotation":{"x":0.10604587197303772,"y":0.06855464726686478,"z":-0.0073287999257445339,"w":0.9919681549072266},"size":651.193359375,"orthographic":false}