{"cameraMode":{"drawMode":0,"name":"Shaded","section":"Shading Mode"},"sceneLighting":true,"audioPlay":false,"sceneViewState":{"showFog":true,"showMaterialUpdate":false,"showSkybox":true,"showFlares":true,"showImageEffects":true,"showParticleSystems":true},"in2DMode":false,"pivot":{"x":230.942626953125,"y":406.6857604980469,"z":-1.9089813232421876},"rotation":{"x":0.03149424493312836,"y":-0.005996918771415949,"z":0.00018897675909101963,"w":0.999485969543457},"size":64.973876953125,"orthographic":false}