{"cameraMode":{"drawMode":0,"name":"Shaded","section":"Shading Mode"},"sceneLighting":true,"audioPlay":false,"sceneViewState":{"showFog":true,"showMaterialUpdate":false,"showSkybox":true,"showFlares":true,"showImageEffects":true,"showParticleSystems":true},"in2DMode":false,"pivot":{"x":186.44586181640626,"y":4.370955467224121,"z":37.64327621459961},"rotation":{"x":0.05019991472363472,"y":0.575867772102356,"z":-0.03546059504151344,"w":0.8152293562889099},"size":8.643792152404786,"orthographic":false}