{"cameraMode":{"drawMode":0,"name":"Shaded","section":"Shading Mode"},"sceneLighting":true,"audioPlay":false,"sceneViewState":{"showFog":true,"showMaterialUpdate":false,"showSkybox":true,"showFlares":true,"showImageEffects":true,"showParticleSystems":true},"in2DMode":false,"pivot":{"x":247.0081787109375,"y":1.336064338684082,"z":30.41422462463379},"rotation":{"x":0.04874798282980919,"y":0.7573367357254028,"z":-0.05690460652112961,"w":0.6487115025520325},"size":76.0133056640625,"orthographic":false}