{"cameraMode":{"drawMode":0,"name":"Shaded","section":"Shading Mode"},"sceneLighting":true,"audioPlay":false,"sceneViewState":{"showFog":true,"showMaterialUpdate":false,"showSkybox":true,"showFlares":true,"showImageEffects":true,"showParticleSystems":true},"in2DMode":false,"pivot":{"x":356.7556457519531,"y":1.7710397243499756,"z":441.2958679199219},"rotation":{"x":-0.07151951640844345,"y":-0.4316009283065796,"z":0.03327922895550728,"w":-0.8992656469345093},"size":8.487042427062989,"orthographic":false}