{"cameraMode":{"drawMode":0,"name":"Shaded","section":"Shading Mode"},"sceneLighting":false,"audioPlay":false,"sceneViewState":{"showFog":true,"showMaterialUpdate":false,"showSkybox":true,"showFlares":true,"showImageEffects":true,"showParticleSystems":true},"in2DMode":false,"pivot":{"x":0.08658558130264282,"y":0.12475159019231796,"z":-0.09296812117099762},"rotation":{"x":0.09909405559301377,"y":0.042756807059049609,"z":-0.0038022836670279505,"w":0.9943492412567139},"size":0.5250633955001831,"orthographic":false}