{"cameraMode":{"drawMode":0,"name":"Shaded","section":"Shading Mode"},"sceneLighting":true,"audioPlay":false,"sceneViewState":{"showFog":true,"showMaterialUpdate":false,"showSkybox":true,"showFlares":true,"showImageEffects":true,"showParticleSystems":true},"in2DMode":false,"pivot":{"x":-0.7490816116333008,"y":0.38863229751586916,"z":-0.8877286911010742},"rotation":{"x":0.22055880725383759,"y":0.4535835385322571,"z":-0.11693727225065232,"w":0.8555358052253723},"size":8.234781265258789,"orthographic":false}