{"cameraMode":{"drawMode":0,"name":"Shaded","section":"Shading Mode"},"sceneLighting":true,"audioPlay":false,"sceneViewState":{"showFog":true,"showMaterialUpdate":false,"showSkybox":true,"showFlares":true,"showImageEffects":true,"showParticleSystems":true},"in2DMode":false,"pivot":{"x":0.5622662901878357,"y":3.0768306255340578,"z":-2.3374581336975099},"rotation":{"x":0.3306758999824524,"y":-0.10727152973413468,"z":0.037862811237573627,"w":0.9368632435798645},"size":6.9431023597717289,"orthographic":false}