{"cameraMode":{"drawMode":0,"name":"Shaded","section":"Shading Mode"},"sceneLighting":true,"audioPlay":false,"sceneViewState":{"showFog":true,"showMaterialUpdate":false,"showSkybox":true,"showFlares":true,"showImageEffects":true,"showParticleSystems":true},"in2DMode":false,"pivot":{"x":0.8579356670379639,"y":0.8411943912506104,"z":1.3761849403381348},"rotation":{"x":0.19959431886672975,"y":0.3590959310531616,"z":-0.07891087234020233,"w":0.9082870483398438},"size":7.960843086242676,"orthographic":false}